"Path","Platform","Compiled","Cooked","Permutations","Compiletime","CompiledDouble","CookedDouble"
"/Engine/EngineDebugMaterials/DebugEditorMaterial.DebugEditorMaterial","0","0","6","1","0.000000","0","0"
"/MeshModelingToolset/Materials/M_DynamicMeshComponentVtxColor.M_DynamicMeshComponentVtxColor","0","0","18","1","0.000000","0","0"
"/Engine/EditorMaterials/PhAT_NoCollisionMaterial.PhAT_NoCollisionMaterial","0","0","3","1","0.000000","0","0"
"/Engine/EditorMaterials/PhAT_UnselectedMaterial.PhAT_UnselectedMaterial","0","0","3","1","0.000000","0","0"
"/ControlRig/Controls/ControlRigGizmoMaterial.ControlRigGizmoMaterial","0","0","4","1","0.000000","0","0"
"/Engine/EngineMaterials/GizmoMaterial.GizmoMaterial","0","0","6","1","0.000000","0","0"
"/Engine/EngineDebugMaterials/DebugMeshMaterial.DebugMeshMaterial","0","0","5","1","0.000000","0","0"
"/Engine/EngineMaterials/RemoveSurfaceMaterial.RemoveSurfaceMaterial","0","0","4","1","0.000000","0","0"
"/Engine/EngineMaterials/NaniteHiddenSectionMaterial.NaniteHiddenSectionMaterial","0","0","27","1","0.000000","0","0"
"/ControlRig/Controls/ControlRigXRayMaterial.ControlRigXRayMaterial","0","0","7","1","0.000000","0","0"
"/Engine/EditorLandscapeResources/SplineEditorMeshMat.SplineEditorMeshMat","0","0","10","1","0.000000","0","0"
"/Engine/EngineDebugMaterials/M_SimpleUnlitTranslucent.M_SimpleUnlitTranslucent","0","0","3","1","0.000000","0","0"
"/Engine/EditorMaterials/Camera/CineMat.CineMat","0","0","26","1","0.000000","0","0"
"/Engine/VREditor/TransformGizmo/Xray.Xray","0","0","14","1","0.000000","0","0"
"/Engine/VREditor/TransformGizmo/Main.Main","0","0","3","1","0.000000","0","0"
"/Engine/VREditor/TransformGizmo/TranslucentTransformGizmoMaterial.TranslucentTransformGizmoMaterial","0","0","3","1","0.000000","0","0"
"/Engine/EngineMaterials/DefaultLightFunctionMaterial.DefaultLightFunctionMaterial","0","0","35","1","0.000000","0","0"
"/Game/StarterContent/Materials/M_Glass.M_Glass","0","0","33","1","0.000000","0","0"
"/Game/StarterContent/Materials/M_Basic_Wall.M_Basic_Wall","0","0","23","1","0.000000","0","0"
"/Game/StarterContent/Materials/M_Basic_Floor.M_Basic_Floor","0","0","23","1","0.000000","0","0"
"/Game/StarterContent/Materials/M_AssetPlatform.M_AssetPlatform","0","0","23","1","0.000000","0","0"
"/Game/StarterContent/Blueprints/Assets/M_LightStage_Arrows.M_LightStage_Arrows","0","0","4","1","0.000000","0","0"
"/Game/StarterContent/Particles/Materials/m_flare_01.m_flare_01","0","0","12","1","0.000000","0","0"
"/Game/MilitaryWeapSilver/FX/Materials/M_Tracer_A.M_Tracer_A","0","0","10","1","0.000000","0","0"
"/Game/Materials/MatRedDark.MatRedDark","0","0","14","1","0.000000","0","0"
"/Game/Materials/M_BrownRed.M_BrownRed","0","0","14","1","0.000000","0","0"
"/Game/Realistic_Starter_VFX_Pack_Vol2/Materials/M_Mud.M_Mud","0","0","54","1","0.000000","0","0"
"/Game/Realistic_Starter_VFX_Pack_Vol2/Materials/M_Derbis.M_Derbis","0","0","26","1","0.000000","0","0"
"/Game/Realistic_Starter_VFX_Pack_Vol2/Materials/M_Basic_Shape.M_Basic_Shape","0","0","46","1","0.000000","0","0"
"/Game/Materials/M_Laser.M_Laser","0","0","36","1","0.000000","0","0"
"/Game/Materials/MatRed.MatRed","0","0","14","1","0.000000","0","0"
"/Game/LevelPrototyping/Materials/M_Solid.M_Solid","0","0","26","1","0.000000","0","0"
"/Game/FPWeapon/Materials/BaseMaterial.BaseMaterial","0","0","35","1","0.000000","0","0"
"/Engine/EngineSky/M_SimpleSkyDome.M_SimpleSkyDome","0","0","4","1","0.000000","0","0"
"/Engine/EngineDebugMaterials/M_VolumeRenderSphereTracePP.M_VolumeRenderSphereTracePP","0","0","4","1","0.000000","0","0"
"/Game/Materials/M_RayMarch.M_RayMarch","0","0","14","1","0.000000","0","0"
"/Engine/EngineMaterials/FlattenMaterial_WS_Normal_VT.FlattenMaterial_WS_Normal_VT","0","0","35","1","0.000000","0","0"
"/Engine/EngineMaterials/FlattenMaterial_VT.FlattenMaterial_VT","0","0","35","1","0.000000","0","0"
"/Engine/EngineMaterials/FlattenMaterial.FlattenMaterial","0","0","35","1","0.000000","0","0"
"/Engine/EngineMaterials/M_InvalidLightmapSettings.M_InvalidLightmapSettings","0","0","28","1","0.000000","0","0"
"/Engine/EngineMaterials/EmissiveMeshMaterial.EmissiveMeshMaterial","0","0","5","1","0.000000","0","0"
"/Paper2D/DefaultSpriteMaterial.DefaultSpriteMaterial","0","0","42","2","0.000000","0","0"
"/Engine/EngineMaterials/PhAT_JointLimitMaterial.PhAT_JointLimitMaterial","0","0","7","1","0.000000","0","0"
"/ControlRig/M_Manip.M_Manip","0","0","7","1","0.000000","0","0"
"/Engine/VREditor/TransformGizmo/TransformGizmoMaterial.TransformGizmoMaterial","0","0","4","1","0.000000","0","0"
"/Game/StarterContent/Particles/Materials/M_Heat_Distortion.M_Heat_Distortion","0","0","28","1","0.000000","0","0"
"/Game/StarterContent/Particles/Materials/M_Spark.M_Spark","0","0","9","1","0.000000","0","0"
"/Engine/EngineMaterials/Widget3DPassThrough.Widget3DPassThrough","0","0","52","6","0.000000","0","3"
"/Engine/EngineSky/VolumetricClouds/m_SimpleVolumetricCloud.m_SimpleVolumetricCloud","0","0","68","1","0.000000","0","0"
"/Engine/EngineMaterials/DefaultPostProcessMaterial.DefaultPostProcessMaterial","0","0","6","1","0.000000","0","0"
"/Engine/EngineMaterials/DefaultDeferredDecalMaterial.DefaultDeferredDecalMaterial","0","0","87","1","0.000000","0","0"
"/Engine/EngineMaterials/DefaultMaterial.DefaultMaterial","0","0","127","1","0.000000","0","0"
"/Engine/EngineMaterials/WorldGridMaterial.WorldGridMaterial","0","0","637","1","0.000000","0","0"
"/Engine/EngineMaterials/DefaultTextMaterialOpaque.DefaultTextMaterialOpaque","0","0","29","1","0.000000","0","0"
"/Game/StarterContent/Particles/Materials/M_smoke_subUV.M_smoke_subUV","0","0","72","1","0.000000","0","0"
"/Game/StarterContent/Materials/M_Metal_Gold.M_Metal_Gold","0","0","23","1","0.000000","0","0"
"/Game/StarterContent/Materials/M_Metal_Copper.M_Metal_Copper","0","0","23","1","0.000000","0","0"
"/Game/StarterContent/Materials/M_Wood_Floor_Walnut_Polished.M_Wood_Floor_Walnut_Polished","0","0","23","1","0.000000","0","0"
"/Game/StarterContent/Materials/M_Water_Lake.M_Water_Lake","0","0","23","1","0.000000","0","0"
"/Game/StarterContent/Materials/M_Rock_Marble_Polished.M_Rock_Marble_Polished","0","0","23","1","0.000000","0","0"
"/Game/StarterContent/Materials/M_Rock_SandstoneTest.M_Rock_SandstoneTest","0","0","23","1","0.000000","0","0"
"/Game/StarterContent/Materials/M_Wood_Walnut.M_Wood_Walnut","0","0","23","1","0.000000","0","0"
"/Game/StarterContent/Materials/M_Wood_Pine.M_Wood_Pine","0","0","23","1","0.000000","0","0"
"/Game/StarterContent/Materials/M_Wood_Oak.M_Wood_Oak","0","0","23","1","0.000000","0","0"
"/Game/StarterContent/Materials/M_Tech_Panel.M_Tech_Panel","0","0","23","1","0.000000","0","0"
"/Game/StarterContent/Materials/M_Tech_Hex_Tile_Pulse.M_Tech_Hex_Tile_Pulse","0","0","23","1","0.000000","0","0"
"/Game/StarterContent/Materials/M_Rock_Slate.M_Rock_Slate","0","0","23","1","0.000000","0","0"
"/Game/StarterContent/Materials/M_Rock_Sandstone.M_Rock_Sandstone","0","0","23","1","0.000000","0","0"
"/Game/StarterContent/Materials/M_Rock_Basalt.M_Rock_Basalt","0","0","23","1","0.000000","0","0"
"/Game/StarterContent/Materials/M_Metal_Steel.M_Metal_Steel","0","0","23","1","0.000000","0","0"
"/Game/StarterContent/Materials/M_Metal_Chrome.M_Metal_Chrome","0","0","23","1","0.000000","0","0"
"/Game/StarterContent/Materials/M_CobbleStone_Rough.M_CobbleStone_Rough","0","0","23","1","0.000000","0","0"
"/Game/StarterContent/Materials/M_CobbleStone_Pebble.M_CobbleStone_Pebble","0","0","23","1","0.000000","0","0"
"/Game/StarterContent/Materials/M_Metal_Burnished_Steel.M_Metal_Burnished_Steel","0","0","23","1","0.000000","0","0"
"/Game/StarterContent/Materials/M_Metal_Brushed_Nickel.M_Metal_Brushed_Nickel","0","0","23","1","0.000000","0","0"
"/Game/StarterContent/Materials/M_Ground_Moss.M_Ground_Moss","0","0","23","1","0.000000","0","0"
"/Game/StarterContent/Materials/M_Ground_Gravel.M_Ground_Gravel","0","0","23","1","0.000000","0","0"
"/Game/StarterContent/Materials/M_Ground_Grass.M_Ground_Grass","0","0","23","1","0.000000","0","0"
"/Game/StarterContent/Particles/Materials/M_Fire_SubUV.M_Fire_SubUV","0","0","12","1","0.000000","0","0"
"/Game/StarterContent/Particles/Materials/M_explosion_subUV.M_explosion_subUV","0","0","9","1","0.000000","0","0"
"/Game/StarterContent/Particles/Materials/M_Dust_Particle.M_Dust_Particle","0","0","72","1","0.000000","0","0"
"/Game/StarterContent/Materials/M_Concrete_Tiles.M_Concrete_Tiles","0","0","23","1","0.000000","0","0"
"/Game/StarterContent/Materials/M_Concrete_Poured.M_Concrete_Poured","0","0","23","1","0.000000","0","0"
"/Game/StarterContent/Materials/M_Concrete_Panels.M_Concrete_Panels","0","0","23","1","0.000000","0","0"
"/Game/StarterContent/Materials/M_Concrete_Grime.M_Concrete_Grime","0","0","23","1","0.000000","0","0"
"/Game/StarterContent/Materials/M_CobbleStone_Smooth.M_CobbleStone_Smooth","0","0","23","1","0.000000","0","0"
"/Game/StarterContent/Materials/M_Tech_Checker_Dot.M_Tech_Checker_Dot","0","0","23","1","0.000000","0","0"
"/Game/StarterContent/Materials/M_Ceramic_Tile_Checker.M_Ceramic_Tile_Checker","0","0","23","1","0.000000","0","0"
"/Game/StarterContent/Particles/Materials/M_Burst.M_Burst","0","0","15","1","0.000000","0","0"
"/Game/StarterContent/Materials/M_Brick_Hewn_Stone.M_Brick_Hewn_Stone","0","0","23","1","0.000000","0","0"
"/Game/StarterContent/Materials/M_Brick_Cut_Stone.M_Brick_Cut_Stone","0","0","23","1","0.000000","0","0"
"/Game/StarterContent/Materials/M_Brick_Clay_Old.M_Brick_Clay_Old","0","0","23","1","0.000000","0","0"
"/Game/StarterContent/Materials/M_Brick_Clay_New.M_Brick_Clay_New","0","0","23","1","0.000000","0","0"
"/Game/StarterContent/Materials/M_Brick_Clay_Beveled.M_Brick_Clay_Beveled","0","0","23","1","0.000000","0","0"
"/Game/MilitaryWeapSilver/Weapons/Materials/M_WeaponMaster_01.M_WeaponMaster_01","0","0","35","1","0.000000","0","0"
"/Game/Realistic_Starter_VFX_Pack_Vol2/Materials/M_WaterDrop.M_WaterDrop","0","0","69","1","0.000000","0","0"
"/Game/Realistic_Starter_VFX_Pack_Vol2/Materials/M_spark_C.M_Spark_C","0","0","9","1","0.000000","0","0"
"/Game/Realistic_Starter_VFX_Pack_Vol2/Materials/M_Smoke_Wisp.M_Smoke_Wisp","0","0","54","1","0.000000","0","0"
"/Game/MilitaryWeapSilver/FX/Materials/M_Pistol_Streaks_01.M_Pistol_Streaks_01","0","0","9","1","0.000000","0","0"
"/Game/MilitaryWeapSilver/FX/Materials/M_Pistol_MuzzleFlash_4x1_A.M_Pistol_MuzzleFlash_4x1_A","0","0","9","1","0.000000","0","0"
"/Game/MilitaryWeapSilver/FX/Materials/M_SparksImpact_2x2_01.M_SparksImpact_2x2_01","0","0","9","1","0.000000","0","0"
"/Game/MilitaryWeapSilver/FX/Materials/M_Smoke_8x8_B_01.M_Smoke_8x8_B_01","0","0","54","1","0.000000","0","0"
"/Game/MilitaryWeapSilver/FX/Materials/M_SmokeSimple_01.M_SmokeSimple_01","0","0","72","1","0.000000","0","0"
"/Game/MilitaryWeapSilver/FX/Materials/M_SmokeRibbon_01.M_SmokeRibbon_01","0","0","36","1","0.000000","0","0"
"/Game/MilitaryWeapSilver/FX/Materials/M_Shockwave_Refraction_01.M_Shockwave_Refraction_01","0","0","15","1","0.000000","0","0"
"/Game/MilitaryWeapSilver/FX/Materials/M_RockMesh_01.M_RockMesh_01","0","0","26","1","0.000000","0","0"
"/Game/MilitaryWeapSilver/FX/Materials/M_RockSmall_01.M_RockSmall_01","0","0","9","1","0.000000","0","0"
"/Game/MilitaryWeapSilver/FX/Materials/M_LightRay_01.M_LightRay_01","0","0","9","1","0.000000","0","0"
"/Game/MilitaryWeapSilver/FX/Materials/M_Knife_RibbonTrail_01.M_Knife_RibbonTrail_01","0","0","14","1","0.000000","0","0"
"/Game/MilitaryWeapSilver/FX/Materials/M_Pistol_Smoke_2x2_A.M_Pistol_Smoke_2x2_A","0","0","54","1","0.000000","0","0"
"/Game/MilitaryWeapSilver/FX/Materials/M_Explosion_8x8_A_01.M_Explosion_8x8_A_01","0","0","54","1","0.000000","0","0"
"/Game/MilitaryWeapSilver/FX/Materials/M_Ember_Speed_01.M_Ember_Speed_01","0","0","9","1","0.000000","0","0"
"/Game/MilitaryWeapSilver/FX/Materials/M_Debris_Tileable_01.M_Debris_Tileable_01","0","0","54","1","0.000000","0","0"
"/Game/MilitaryWeapSilver/FX/Materials/M_AssaultRifle_MuzzleFlash_4x1.M_AssaultRifle_MuzzleFlash_4x1","0","0","9","1","0.000000","0","0"
"/Game/Realistic_Starter_VFX_Pack_Vol2/Materials/M_Bubble_B.M_Bubble_B","0","0","9","1","0.000000","0","0"
"/Game/Realistic_Starter_VFX_Pack_Vol2/Materials/M_Water_Splat.M_Water_Splat","0","0","9","1","0.000000","0","0"
"/Game/Realistic_Starter_VFX_Pack_Vol2/Materials/M_Slash.M_Slash","0","0","9","1","0.000000","0","0"
"/Game/Realistic_Starter_VFX_Pack_Vol2/Materials/M_Smoke_Ground_C.M_Smoke_Ground_C","0","0","54","1","0.000000","0","0"
"/Game/Realistic_Starter_VFX_Pack_Vol2/Materials/M_Splat_A.M_Splat_A","0","0","9","1","0.000000","0","0"
"/Game/Realistic_Starter_VFX_Pack_Vol2/Materials/M_Blood_C.M_Blood_C","0","0","25","1","0.000000","0","0"
"/Game/Realistic_Starter_VFX_Pack_Vol2/Materials/M_Glow_C.M_Glow_C","0","0","12","1","0.000000","0","0"
"/Game/Realistic_Starter_VFX_Pack_Vol2/Materials/M_Smoke_Puff_A.M_Smoke_Puff_A","0","0","54","1","0.000000","0","0"
"/Game/Realistic_Starter_VFX_Pack_Vol2/Materials/M_Smoke_Ground.M_Smoke_Ground","0","0","54","1","0.000000","0","0"
"/Game/Realistic_Starter_VFX_Pack_Vol2/Materials/M_Smoke_Ground_B.M_Smoke_Ground_B","0","0","54","1","0.000000","0","0"
"/Game/Realistic_Starter_VFX_Pack_Vol2/Materials/M_Smoke_A.M_Smoke_A","0","0","72","1","0.000000","0","0"
"/Game/Realistic_Starter_VFX_Pack_Vol2/Materials/M_Smoke_C.M_Smoke_C","0","0","54","1","0.000000","0","0"
"/Game/Realistic_Starter_VFX_Pack_Vol2/Materials/M_Rock_B.M_Rock_B","0","0","90","1","0.000000","0","0"
"/Game/Realistic_Starter_VFX_Pack_Vol2/Materials/M_Paper.M_Paper","0","0","54","1","0.000000","0","0"
"/Game/Realistic_Starter_VFX_Pack_Vol2/Materials/M_WaterDrop_B.M_WaterDrop_B","0","0","69","1","0.000000","0","0"
"/Game/Realistic_Starter_VFX_Pack_Vol2/Materials/M_Heat_Distortion.M_Heat_Distortion","0","0","21","1","0.000000","0","0"
"/Game/Realistic_Starter_VFX_Pack_Vol2/Materials/M_Wood.M_Wood","0","0","90","1","0.000000","0","0"
"/Game/Realistic_Starter_VFX_Pack_Vol2/Materials/M_Lightning_small.M_Lightning_small","0","0","9","1","0.000000","0","0"
"/Game/Realistic_Starter_VFX_Pack_Vol2/Materials/M_Impact_B.M_Impact_B","0","0","9","1","0.000000","0","0"
"/Game/Realistic_Starter_VFX_Pack_Vol2/Materials/M_Impact_C.M_Impact_C","0","0","9","1","0.000000","0","0"
"/Game/Realistic_Starter_VFX_Pack_Vol2/Materials/M_Glass.M_Glass","0","0","54","1","0.000000","0","0"
"/Game/Realistic_Starter_VFX_Pack_Vol2/Materials/M_Glow_D.M_Glow_D","0","0","9","1","0.000000","0","0"
"/Game/Realistic_Starter_VFX_Pack_Vol2/Materials/M_Spark_A.M_Spark_A","0","0","9","1","0.000000","0","0"
"/Game/Realistic_Starter_VFX_Pack_Vol2/Materials/M_Fire_B.M_Fire_B","0","0","9","1","0.000000","0","0"
"/Game/Realistic_Starter_VFX_Pack_Vol2/Materials/M_Fire_C.M_Fire_C","0","0","9","1","0.000000","0","0"
"/Game/Realistic_Starter_VFX_Pack_Vol2/Materials/M_Flies.M_Flies","0","0","54","1","0.000000","0","0"
"/Game/Realistic_Starter_VFX_Pack_Vol2/Materials/M_Explosion_E.M_Explosion_E","0","0","9","1","0.000000","0","0"
"/Game/Realistic_Starter_VFX_Pack_Vol2/Materials/M_Explosion_i.M_Explosion_I","0","0","72","1","0.000000","0","0"
"/Game/Realistic_Starter_VFX_Pack_Vol2/Materials/M_Explosion_G.M_Explosion_G","0","0","72","1","0.000000","0","0"
"/Game/Realistic_Starter_VFX_Pack_Vol2/Materials/M_Explosion_D.M_Explosion_D","0","0","72","1","0.000000","0","0"
"/Game/Realistic_Starter_VFX_Pack_Vol2/Materials/M_Explosion_B.M_Explosion_B","0","0","54","1","0.000000","0","0"
"/Game/Realistic_Starter_VFX_Pack_Vol2/Materials/M_WaterDrop_A.M_WaterDrop_A","0","0","69","1","0.000000","0","0"
"/Game/Realistic_Starter_VFX_Pack_Vol2/Materials/M_Impact_A.M_Impact_A","0","0","9","1","0.000000","0","0"
"/Game/Realistic_Starter_VFX_Pack_Vol2/Materials/M_Dirt_B.M_Dirt_B","0","0","54","1","0.000000","0","0"
"/Game/Realistic_Starter_VFX_Pack_Vol2/Materials/M_Dandelion.M_Dandelion","0","0","9","1","0.000000","0","0"
"/Game/Realistic_Starter_VFX_Pack_Vol2/Materials/M_Butterfly.M_Butterfly","0","0","15","1","0.000000","0","0"
"/Game/Realistic_Starter_VFX_Pack_Vol2/Materials/M_Bubble_pop.M_Bubble_Pop","0","0","9","1","0.000000","0","0"
"/Game/Realistic_Starter_VFX_Pack_Vol2/Materials/M_Bubble.M_Bubble","0","0","9","1","0.000000","0","0"
"/Game/MilitaryWeapSilver/FX/Materials/M_Woodchips_8x1_01.M_Woodchips_8x1_01","0","0","54","1","0.000000","0","0"
"/Engine/EngineMaterials/PPM_DefaultCalibrationGrayscale.PPM_DefaultCalibrationGrayscale","0","0","4","1","0.000000","0","0"
"/Engine/EngineMaterials/PPM_DefaultCalibrationColor.PPM_DefaultCalibrationColor","0","0","4","1","0.000000","0","0"
"/Engine/EditorMaterials/PreviewShadowIndicatorMaterial.PreviewShadowIndicatorMaterial","0","0","35","1","0.000000","0","0"
"/Game/StarterContent/Materials/M_Wood_Floor_Walnut_Worn.M_Wood_Floor_Walnut_Worn","0","0","23","1","0.000000","0","0"
"/Game/StarterContent/Materials/M_Water_Ocean.M_Water_Ocean","0","0","23","1","0.000000","0","0"
"/Game/StarterContent/Materials/M_Tech_Hex_Tile.M_Tech_Hex_Tile","0","0","23","1","0.000000","0","0"
"/Game/StarterContent/Materials/M_Metal_Rust.M_Metal_Rust","0","0","23","1","0.000000","0","0"
"/Game/StarterContent/Materials/M_ColorGrid_LowSpec.M_ColorGrid_LowSpec","0","0","23","1","0.000000","0","0"
"/Game/StarterContent/Blueprints/Assets/M_LightStage_Skybox_Master.M_LightStage_Skybox_Master","0","0","8","2","0.000000","0","0"
"/Game/StarterContent/Particles/Materials/M_Radial_Gradient.M_Radial_Gradient","0","0","15","1","0.000000","0","0"
"/Game/StarterContent/Particles/Materials/M_radial_ramp.M_radial_ramp","0","0","12","1","0.000000","0","0"
"/Game/Realistic_Starter_VFX_Pack_Vol2/Materials/M_Leaves_A.M_Leaves_A","0","0","79","1","0.000000","0","0"
"/Game/Realistic_Starter_VFX_Pack_Vol2/Materials/M_Fire_Splat.M_Fire_Splat","0","0","9","1","0.000000","0","0"
"/Game/Realistic_Starter_VFX_Pack_Vol2/Materials/M_Dirt_A.M_Dirt_A","0","0","54","1","0.000000","0","0"
"/Game/Realistic_Starter_VFX_Pack_Vol2/Materials/M_Distortion.M_Distortion","0","0","60","1","0.000000","0","0"
"/Engine/EngineSky/M_Sky_Panning_Clouds2.M_Sky_Panning_Clouds2","0","0","4","1","0.000000","0","0"
"/SpeedTreeImporter/SpeedTree9/SpeedTreeBillboardMaster.SpeedTreeBillboardMaster","0","0","58","1","0.000000","0","0"
"/SpeedTreeImporter/SpeedTree9/SpeedTreeMaster.SpeedTreeMaster","0","0","84","1","0.000000","0","0"
"/Game/Characters/Mannequin_UE4/Materials/M_MannequinUE4_Body.M_MannequinUE4_Body","0","0","108","2","0.000000","0","0"
"/Game/Realistic_Starter_VFX_Pack_Vol2/Materials/M_Snow.M_Snow","0","0","9","1","0.000000","0","0"
"/Game/Realistic_Starter_VFX_Pack_Vol2/Materials/M_Fish_A.M_Fish_A","0","0","104","1","0.000000","0","0"
"/Game/FPWeapon/Materials/M_FPGun.M_FPGun","0","0","54","1","0.000000","0","0"
"/Game/FirstPersonArms/Character/Materials/M_UE4Man_Body.M_UE4Man_Body","0","0","54","1","0.000000","0","0"
"/Game/Realistic_Starter_VFX_Pack_Vol2/Materials/M_Glow_B.M_Glow_B","0","0","9","1","0.000000","0","0"
"/Game/Realistic_Starter_VFX_Pack_Vol2/Materials/M_Glow_A.M_Glow_A","0","0","9","1","0.000000","0","0"
"/Game/MilitaryWeapSilver/FX/Materials/M_GlowSphere_01.M_GlowSphere_01","0","0","12","1","0.000000","0","0"
"/Engine/EditorMaterials/Thumbnails/SkySphereMaterial.SkySphereMaterial","0","0","23","1","0.000000","0","0"
"/Game/Characters/Mannequins/Materials/M_Mannequin.M_Mannequin","0","0","60","2","0.000000","0","150"
"/Game/LevelPrototyping/Materials/M_PrototypeGrid.M_PrototypeGrid","0","0","69","3","0.000000","0","23"
"/Engine/OpenWorldTemplate/LandscapeMaterial/M_ProcGrid.M_ProcGrid","0","0","28","2","0.000000","0","0"
"/Engine/EngineDebugMaterials/BlackUnlitMaterial.BlackUnlitMaterial","0","0","6","1","0.000000","0","0"
"/Engine/MapTemplates/Sky/M_BlackBackground.M_BlackBackground","0","0","4","1","0.000000","0","0"
"/Engine/VREditor/UI/KeyDiskMaterial.KeyDiskMaterial","0","0","3","1","0.000000","0","0"
"/Engine/EngineDebugMaterials/TerrainCollisionMaterial.TerrainCollisionMaterial","0","0","194","1","0.000000","0","0"
"/Engine/EngineDebugMaterials/DebugEditorMaterial.DebugEditorMaterial","49","0","6","1","0.000000","0","0"
"/MeshModelingToolset/Materials/M_DynamicMeshComponentVtxColor.M_DynamicMeshComponentVtxColor","49","0","18","1","0.000000","0","0"
"/Engine/EditorMaterials/PhAT_NoCollisionMaterial.PhAT_NoCollisionMaterial","49","0","3","1","0.000000","0","0"
"/Engine/EditorMaterials/PhAT_UnselectedMaterial.PhAT_UnselectedMaterial","49","0","3","1","0.000000","0","0"
"/ControlRig/Controls/ControlRigGizmoMaterial.ControlRigGizmoMaterial","49","0","4","1","0.000000","0","0"
"/Engine/EngineMaterials/GizmoMaterial.GizmoMaterial","49","0","6","1","0.000000","0","0"
"/Engine/EngineDebugMaterials/DebugMeshMaterial.DebugMeshMaterial","49","0","5","1","0.000000","0","0"
"/Engine/EngineMaterials/RemoveSurfaceMaterial.RemoveSurfaceMaterial","49","0","4","1","0.000000","0","0"
"/Engine/EngineMaterials/NaniteHiddenSectionMaterial.NaniteHiddenSectionMaterial","49","0","29","1","0.000000","0","0"
"/ControlRig/Controls/ControlRigXRayMaterial.ControlRigXRayMaterial","49","0","7","1","0.000000","0","0"
"/Engine/EditorLandscapeResources/SplineEditorMeshMat.SplineEditorMeshMat","49","0","10","1","0.000000","0","0"
"/Engine/EngineDebugMaterials/M_SimpleUnlitTranslucent.M_SimpleUnlitTranslucent","49","0","3","1","0.000000","0","0"
"/Engine/EditorMaterials/Camera/CineMat.CineMat","49","0","26","1","0.000000","0","0"
"/Engine/VREditor/TransformGizmo/Xray.Xray","49","0","14","1","0.000000","0","0"
"/Engine/VREditor/TransformGizmo/Main.Main","49","0","3","1","0.000000","0","0"
"/Engine/VREditor/TransformGizmo/TranslucentTransformGizmoMaterial.TranslucentTransformGizmoMaterial","49","0","3","1","0.000000","0","0"
"/Engine/EngineMaterials/DefaultLightFunctionMaterial.DefaultLightFunctionMaterial","49","0","43","1","0.000000","0","0"
"/Game/StarterContent/Materials/M_Glass.M_Glass","49","0","33","1","0.000000","0","0"
"/Game/StarterContent/Materials/M_Basic_Wall.M_Basic_Wall","49","0","23","1","0.000000","0","0"
"/Game/StarterContent/Materials/M_Basic_Floor.M_Basic_Floor","49","0","23","1","0.000000","0","0"
"/Game/StarterContent/Materials/M_AssetPlatform.M_AssetPlatform","49","0","23","1","0.000000","0","0"
"/Game/StarterContent/Blueprints/Assets/M_LightStage_Arrows.M_LightStage_Arrows","49","0","4","1","0.000000","0","0"
"/Game/StarterContent/Particles/Materials/m_flare_01.m_flare_01","49","0","12","1","0.000000","0","0"
"/Game/MilitaryWeapSilver/FX/Materials/M_Tracer_A.M_Tracer_A","49","0","10","1","0.000000","0","0"
"/Game/Materials/MatRedDark.MatRedDark","49","0","14","1","0.000000","0","0"
"/Game/Materials/M_BrownRed.M_BrownRed","49","0","14","1","0.000000","0","0"
"/Game/Realistic_Starter_VFX_Pack_Vol2/Materials/M_Mud.M_Mud","49","0","58","1","0.000000","0","0"
"/Game/Realistic_Starter_VFX_Pack_Vol2/Materials/M_Derbis.M_Derbis","49","0","26","1","0.000000","0","0"
"/Game/Realistic_Starter_VFX_Pack_Vol2/Materials/M_Basic_Shape.M_Basic_Shape","49","0","46","1","0.000000","0","0"
"/Game/Materials/M_Laser.M_Laser","49","0","36","1","0.000000","0","0"
"/Game/Materials/MatRed.MatRed","49","0","14","1","0.000000","0","0"
"/Game/LevelPrototyping/Materials/M_Solid.M_Solid","49","0","26","1","0.000000","0","0"
"/Game/FPWeapon/Materials/BaseMaterial.BaseMaterial","49","0","35","1","0.000000","0","0"
"/Engine/EngineSky/M_SimpleSkyDome.M_SimpleSkyDome","49","0","4","1","0.000000","0","0"
"/Engine/EngineDebugMaterials/M_VolumeRenderSphereTracePP.M_VolumeRenderSphereTracePP","49","0","4","1","0.000000","0","0"
"/Game/Materials/M_RayMarch.M_RayMarch","49","0","14","1","0.000000","0","0"
"/Engine/EngineMaterials/FlattenMaterial_WS_Normal_VT.FlattenMaterial_WS_Normal_VT","49","0","50","1","0.000000","0","0"
"/Engine/EngineMaterials/FlattenMaterial_VT.FlattenMaterial_VT","49","0","50","1","0.000000","0","0"
"/Engine/EngineMaterials/FlattenMaterial.FlattenMaterial","49","0","50","1","0.000000","0","0"
"/Engine/EngineMaterials/M_InvalidLightmapSettings.M_InvalidLightmapSettings","49","0","28","1","0.000000","0","0"
"/Engine/EngineMaterials/EmissiveMeshMaterial.EmissiveMeshMaterial","49","0","5","1","0.000000","0","0"
"/Paper2D/DefaultSpriteMaterial.DefaultSpriteMaterial","49","0","46","2","0.000000","0","0"
"/Engine/EngineMaterials/PhAT_JointLimitMaterial.PhAT_JointLimitMaterial","49","0","7","1","0.000000","0","0"
"/ControlRig/M_Manip.M_Manip","49","0","7","1","0.000000","0","0"
"/Engine/VREditor/TransformGizmo/TransformGizmoMaterial.TransformGizmoMaterial","49","0","4","1","0.000000","0","0"
"/Game/StarterContent/Particles/Materials/M_Heat_Distortion.M_Heat_Distortion","49","0","28","1","0.000000","0","0"
"/Game/StarterContent/Particles/Materials/M_Spark.M_Spark","49","0","9","1","0.000000","0","0"
"/Engine/EngineMaterials/Widget3DPassThrough.Widget3DPassThrough","49","0","56","6","0.000000","0","3"
"/Engine/EngineSky/VolumetricClouds/m_SimpleVolumetricCloud.m_SimpleVolumetricCloud","49","0","68","1","0.000000","0","0"
"/Engine/EngineMaterials/DefaultPostProcessMaterial.DefaultPostProcessMaterial","49","0","6","1","0.000000","0","0"
"/Engine/EngineMaterials/DefaultDeferredDecalMaterial.DefaultDeferredDecalMaterial","49","0","87","1","0.000000","0","0"
"/Engine/EngineMaterials/DefaultMaterial.DefaultMaterial","49","0","127","1","0.000000","0","0"
"/Engine/EngineMaterials/WorldGridMaterial.WorldGridMaterial","49","0","802","1","0.000000","0","0"
"/Engine/EngineMaterials/DefaultTextMaterialOpaque.DefaultTextMaterialOpaque","49","0","31","1","0.000000","0","0"
"/Game/StarterContent/Particles/Materials/M_smoke_subUV.M_smoke_subUV","49","0","72","1","0.000000","0","0"
"/Game/StarterContent/Materials/M_Metal_Gold.M_Metal_Gold","49","0","23","1","0.000000","0","0"
"/Game/StarterContent/Materials/M_Metal_Copper.M_Metal_Copper","49","0","23","1","0.000000","0","0"
"/Game/StarterContent/Materials/M_Wood_Floor_Walnut_Polished.M_Wood_Floor_Walnut_Polished","49","0","23","1","0.000000","0","0"
"/Game/StarterContent/Materials/M_Water_Lake.M_Water_Lake","49","0","23","1","0.000000","0","0"
"/Game/StarterContent/Materials/M_Rock_Marble_Polished.M_Rock_Marble_Polished","49","0","23","1","0.000000","0","0"
"/Game/StarterContent/Materials/M_Rock_SandstoneTest.M_Rock_SandstoneTest","49","0","23","1","0.000000","0","0"
"/Game/StarterContent/Materials/M_Wood_Walnut.M_Wood_Walnut","49","0","23","1","0.000000","0","0"
"/Game/StarterContent/Materials/M_Wood_Pine.M_Wood_Pine","49","0","23","1","0.000000","0","0"
"/Game/StarterContent/Materials/M_Wood_Oak.M_Wood_Oak","49","0","23","1","0.000000","0","0"
"/Game/StarterContent/Materials/M_Tech_Panel.M_Tech_Panel","49","0","23","1","0.000000","0","0"
"/Game/StarterContent/Materials/M_Tech_Hex_Tile_Pulse.M_Tech_Hex_Tile_Pulse","49","0","23","1","0.000000","0","0"
"/Game/StarterContent/Materials/M_Rock_Slate.M_Rock_Slate","49","0","23","1","0.000000","0","0"
"/Game/StarterContent/Materials/M_Rock_Sandstone.M_Rock_Sandstone","49","0","23","1","0.000000","0","0"
"/Game/StarterContent/Materials/M_Rock_Basalt.M_Rock_Basalt","49","0","23","1","0.000000","0","0"
"/Game/StarterContent/Materials/M_Metal_Steel.M_Metal_Steel","49","0","23","1","0.000000","0","0"
"/Game/StarterContent/Materials/M_Metal_Chrome.M_Metal_Chrome","49","0","23","1","0.000000","0","0"
"/Game/StarterContent/Materials/M_CobbleStone_Rough.M_CobbleStone_Rough","49","0","23","1","0.000000","0","0"
"/Game/StarterContent/Materials/M_CobbleStone_Pebble.M_CobbleStone_Pebble","49","0","23","1","0.000000","0","0"
"/Game/StarterContent/Materials/M_Metal_Burnished_Steel.M_Metal_Burnished_Steel","49","0","23","1","0.000000","0","0"
"/Game/StarterContent/Materials/M_Metal_Brushed_Nickel.M_Metal_Brushed_Nickel","49","0","23","1","0.000000","0","0"
"/Game/StarterContent/Materials/M_Ground_Moss.M_Ground_Moss","49","0","23","1","0.000000","0","0"
"/Game/StarterContent/Materials/M_Ground_Gravel.M_Ground_Gravel","49","0","23","1","0.000000","0","0"
"/Game/StarterContent/Materials/M_Ground_Grass.M_Ground_Grass","49","0","23","1","0.000000","0","0"
"/Game/StarterContent/Particles/Materials/M_Fire_SubUV.M_Fire_SubUV","49","0","12","1","0.000000","0","0"
"/Game/StarterContent/Particles/Materials/M_explosion_subUV.M_explosion_subUV","49","0","9","1","0.000000","0","0"
"/Game/StarterContent/Particles/Materials/M_Dust_Particle.M_Dust_Particle","49","0","72","1","0.000000","0","0"
"/Game/StarterContent/Materials/M_Concrete_Tiles.M_Concrete_Tiles","49","0","23","1","0.000000","0","0"
"/Game/StarterContent/Materials/M_Concrete_Poured.M_Concrete_Poured","49","0","23","1","0.000000","0","0"
"/Game/StarterContent/Materials/M_Concrete_Panels.M_Concrete_Panels","49","0","23","1","0.000000","0","0"
"/Game/StarterContent/Materials/M_Concrete_Grime.M_Concrete_Grime","49","0","23","1","0.000000","0","0"
"/Game/StarterContent/Materials/M_CobbleStone_Smooth.M_CobbleStone_Smooth","49","0","23","1","0.000000","0","0"
"/Game/StarterContent/Materials/M_Tech_Checker_Dot.M_Tech_Checker_Dot","49","0","23","1","0.000000","0","0"
"/Game/StarterContent/Materials/M_Ceramic_Tile_Checker.M_Ceramic_Tile_Checker","49","0","23","1","0.000000","0","0"
"/Game/StarterContent/Particles/Materials/M_Burst.M_Burst","49","0","15","1","0.000000","0","0"
"/Game/StarterContent/Materials/M_Brick_Hewn_Stone.M_Brick_Hewn_Stone","49","0","23","1","0.000000","0","0"
"/Game/StarterContent/Materials/M_Brick_Cut_Stone.M_Brick_Cut_Stone","49","0","23","1","0.000000","0","0"
"/Game/StarterContent/Materials/M_Brick_Clay_Old.M_Brick_Clay_Old","49","0","23","1","0.000000","0","0"
"/Game/StarterContent/Materials/M_Brick_Clay_New.M_Brick_Clay_New","49","0","23","1","0.000000","0","0"
"/Game/StarterContent/Materials/M_Brick_Clay_Beveled.M_Brick_Clay_Beveled","49","0","23","1","0.000000","0","0"
"/Game/MilitaryWeapSilver/Weapons/Materials/M_WeaponMaster_01.M_WeaponMaster_01","49","0","35","1","0.000000","0","0"
"/Game/Realistic_Starter_VFX_Pack_Vol2/Materials/M_WaterDrop.M_WaterDrop","49","0","69","1","0.000000","0","0"
"/Game/Realistic_Starter_VFX_Pack_Vol2/Materials/M_spark_C.M_Spark_C","49","0","9","1","0.000000","0","0"
"/Game/Realistic_Starter_VFX_Pack_Vol2/Materials/M_Smoke_Wisp.M_Smoke_Wisp","49","0","54","1","0.000000","0","0"
"/Game/MilitaryWeapSilver/FX/Materials/M_Pistol_Streaks_01.M_Pistol_Streaks_01","49","0","9","1","0.000000","0","0"
"/Game/MilitaryWeapSilver/FX/Materials/M_Pistol_MuzzleFlash_4x1_A.M_Pistol_MuzzleFlash_4x1_A","49","0","9","1","0.000000","0","0"
"/Game/MilitaryWeapSilver/FX/Materials/M_SparksImpact_2x2_01.M_SparksImpact_2x2_01","49","0","9","1","0.000000","0","0"
"/Game/MilitaryWeapSilver/FX/Materials/M_Smoke_8x8_B_01.M_Smoke_8x8_B_01","49","0","54","1","0.000000","0","0"
"/Game/MilitaryWeapSilver/FX/Materials/M_SmokeSimple_01.M_SmokeSimple_01","49","0","72","1","0.000000","0","0"
"/Game/MilitaryWeapSilver/FX/Materials/M_SmokeRibbon_01.M_SmokeRibbon_01","49","0","36","1","0.000000","0","0"
"/Game/MilitaryWeapSilver/FX/Materials/M_Shockwave_Refraction_01.M_Shockwave_Refraction_01","49","0","15","1","0.000000","0","0"
"/Game/MilitaryWeapSilver/FX/Materials/M_RockMesh_01.M_RockMesh_01","49","0","26","1","0.000000","0","0"
"/Game/MilitaryWeapSilver/FX/Materials/M_RockSmall_01.M_RockSmall_01","49","0","9","1","0.000000","0","0"
"/Game/MilitaryWeapSilver/FX/Materials/M_LightRay_01.M_LightRay_01","49","0","9","1","0.000000","0","0"
"/Game/MilitaryWeapSilver/FX/Materials/M_Knife_RibbonTrail_01.M_Knife_RibbonTrail_01","49","0","14","1","0.000000","0","0"
"/Game/MilitaryWeapSilver/FX/Materials/M_Pistol_Smoke_2x2_A.M_Pistol_Smoke_2x2_A","49","0","54","1","0.000000","0","0"
"/Game/MilitaryWeapSilver/FX/Materials/M_Explosion_8x8_A_01.M_Explosion_8x8_A_01","49","0","54","1","0.000000","0","0"
"/Game/MilitaryWeapSilver/FX/Materials/M_Ember_Speed_01.M_Ember_Speed_01","49","0","9","1","0.000000","0","0"
"/Game/MilitaryWeapSilver/FX/Materials/M_Debris_Tileable_01.M_Debris_Tileable_01","49","0","54","1","0.000000","0","0"
"/Game/MilitaryWeapSilver/FX/Materials/M_AssaultRifle_MuzzleFlash_4x1.M_AssaultRifle_MuzzleFlash_4x1","49","0","9","1","0.000000","0","0"
"/Game/Realistic_Starter_VFX_Pack_Vol2/Materials/M_Bubble_B.M_Bubble_B","49","0","9","1","0.000000","0","0"
"/Game/Realistic_Starter_VFX_Pack_Vol2/Materials/M_Water_Splat.M_Water_Splat","49","0","9","1","0.000000","0","0"
"/Game/Realistic_Starter_VFX_Pack_Vol2/Materials/M_Slash.M_Slash","49","0","9","1","0.000000","0","0"
"/Game/Realistic_Starter_VFX_Pack_Vol2/Materials/M_Smoke_Ground_C.M_Smoke_Ground_C","49","0","54","1","0.000000","0","0"
"/Game/Realistic_Starter_VFX_Pack_Vol2/Materials/M_Splat_A.M_Splat_A","49","0","9","1","0.000000","0","0"
"/Game/Realistic_Starter_VFX_Pack_Vol2/Materials/M_Blood_C.M_Blood_C","49","0","25","1","0.000000","0","0"
"/Game/Realistic_Starter_VFX_Pack_Vol2/Materials/M_Glow_C.M_Glow_C","49","0","12","1","0.000000","0","0"
"/Game/Realistic_Starter_VFX_Pack_Vol2/Materials/M_Smoke_Puff_A.M_Smoke_Puff_A","49","0","54","1","0.000000","0","0"
"/Game/Realistic_Starter_VFX_Pack_Vol2/Materials/M_Smoke_Ground.M_Smoke_Ground","49","0","54","1","0.000000","0","0"
"/Game/Realistic_Starter_VFX_Pack_Vol2/Materials/M_Smoke_Ground_B.M_Smoke_Ground_B","49","0","54","1","0.000000","0","0"
"/Game/Realistic_Starter_VFX_Pack_Vol2/Materials/M_Smoke_A.M_Smoke_A","49","0","72","1","0.000000","0","0"
"/Game/Realistic_Starter_VFX_Pack_Vol2/Materials/M_Smoke_C.M_Smoke_C","49","0","54","1","0.000000","0","0"
"/Game/Realistic_Starter_VFX_Pack_Vol2/Materials/M_Rock_B.M_Rock_B","49","0","90","1","0.000000","0","0"
"/Game/Realistic_Starter_VFX_Pack_Vol2/Materials/M_Paper.M_Paper","49","0","54","1","0.000000","0","0"
"/Game/Realistic_Starter_VFX_Pack_Vol2/Materials/M_WaterDrop_B.M_WaterDrop_B","49","0","69","1","0.000000","0","0"
"/Game/Realistic_Starter_VFX_Pack_Vol2/Materials/M_Heat_Distortion.M_Heat_Distortion","49","0","21","1","0.000000","0","0"
"/Game/Realistic_Starter_VFX_Pack_Vol2/Materials/M_Wood.M_Wood","49","0","90","1","0.000000","0","0"
"/Game/Realistic_Starter_VFX_Pack_Vol2/Materials/M_Lightning_small.M_Lightning_small","49","0","9","1","0.000000","0","0"
"/Game/Realistic_Starter_VFX_Pack_Vol2/Materials/M_Impact_B.M_Impact_B","49","0","9","1","0.000000","0","0"
"/Game/Realistic_Starter_VFX_Pack_Vol2/Materials/M_Impact_C.M_Impact_C","49","0","9","1","0.000000","0","0"
"/Game/Realistic_Starter_VFX_Pack_Vol2/Materials/M_Glass.M_Glass","49","0","54","1","0.000000","0","0"
"/Game/Realistic_Starter_VFX_Pack_Vol2/Materials/M_Glow_D.M_Glow_D","49","0","9","1","0.000000","0","0"
"/Game/Realistic_Starter_VFX_Pack_Vol2/Materials/M_Spark_A.M_Spark_A","49","0","9","1","0.000000","0","0"
"/Game/Realistic_Starter_VFX_Pack_Vol2/Materials/M_Fire_B.M_Fire_B","49","0","9","1","0.000000","0","0"
"/Game/Realistic_Starter_VFX_Pack_Vol2/Materials/M_Fire_C.M_Fire_C","49","0","9","1","0.000000","0","0"
"/Game/Realistic_Starter_VFX_Pack_Vol2/Materials/M_Flies.M_Flies","49","0","54","1","0.000000","0","0"
"/Game/Realistic_Starter_VFX_Pack_Vol2/Materials/M_Explosion_E.M_Explosion_E","49","0","9","1","0.000000","0","0"
"/Game/Realistic_Starter_VFX_Pack_Vol2/Materials/M_Explosion_i.M_Explosion_I","49","0","72","1","0.000000","0","0"
"/Game/Realistic_Starter_VFX_Pack_Vol2/Materials/M_Explosion_G.M_Explosion_G","49","0","72","1","0.000000","0","0"
"/Game/Realistic_Starter_VFX_Pack_Vol2/Materials/M_Explosion_D.M_Explosion_D","49","0","72","1","0.000000","0","0"
"/Game/Realistic_Starter_VFX_Pack_Vol2/Materials/M_Explosion_B.M_Explosion_B","49","0","54","1","0.000000","0","0"
"/Game/Realistic_Starter_VFX_Pack_Vol2/Materials/M_WaterDrop_A.M_WaterDrop_A","49","0","69","1","0.000000","0","0"
"/Game/Realistic_Starter_VFX_Pack_Vol2/Materials/M_Impact_A.M_Impact_A","49","0","9","1","0.000000","0","0"
"/Game/Realistic_Starter_VFX_Pack_Vol2/Materials/M_Dirt_B.M_Dirt_B","49","0","54","1","0.000000","0","0"
"/Game/Realistic_Starter_VFX_Pack_Vol2/Materials/M_Dandelion.M_Dandelion","49","0","9","1","0.000000","0","0"
"/Game/Realistic_Starter_VFX_Pack_Vol2/Materials/M_Butterfly.M_Butterfly","49","0","15","1","0.000000","0","0"
"/Game/Realistic_Starter_VFX_Pack_Vol2/Materials/M_Bubble_pop.M_Bubble_Pop","49","0","9","1","0.000000","0","0"
"/Game/Realistic_Starter_VFX_Pack_Vol2/Materials/M_Bubble.M_Bubble","49","0","9","1","0.000000","0","0"
"/Game/MilitaryWeapSilver/FX/Materials/M_Woodchips_8x1_01.M_Woodchips_8x1_01","49","0","54","1","0.000000","0","0"
"/Engine/EngineMaterials/PPM_DefaultCalibrationGrayscale.PPM_DefaultCalibrationGrayscale","49","0","4","1","0.000000","0","0"
"/Engine/EngineMaterials/PPM_DefaultCalibrationColor.PPM_DefaultCalibrationColor","49","0","4","1","0.000000","0","0"
"/Engine/EditorMaterials/PreviewShadowIndicatorMaterial.PreviewShadowIndicatorMaterial","49","0","43","1","0.000000","0","0"
"/Game/StarterContent/Materials/M_Wood_Floor_Walnut_Worn.M_Wood_Floor_Walnut_Worn","49","0","23","1","0.000000","0","0"
"/Game/StarterContent/Materials/M_Water_Ocean.M_Water_Ocean","49","0","23","1","0.000000","0","0"
"/Game/StarterContent/Materials/M_Tech_Hex_Tile.M_Tech_Hex_Tile","49","0","23","1","0.000000","0","0"
"/Game/StarterContent/Materials/M_Metal_Rust.M_Metal_Rust","49","0","23","1","0.000000","0","0"
"/Game/StarterContent/Materials/M_ColorGrid_LowSpec.M_ColorGrid_LowSpec","49","0","23","1","0.000000","0","0"
"/Game/StarterContent/Blueprints/Assets/M_LightStage_Skybox_Master.M_LightStage_Skybox_Master","49","0","8","2","0.000000","0","0"
"/Game/StarterContent/Particles/Materials/M_Radial_Gradient.M_Radial_Gradient","49","0","15","1","0.000000","0","0"
"/Game/StarterContent/Particles/Materials/M_radial_ramp.M_radial_ramp","49","0","12","1","0.000000","0","0"
"/Game/Realistic_Starter_VFX_Pack_Vol2/Materials/M_Leaves_A.M_Leaves_A","49","0","85","1","0.000000","0","0"
"/Game/Realistic_Starter_VFX_Pack_Vol2/Materials/M_Fire_Splat.M_Fire_Splat","49","0","9","1","0.000000","0","0"
"/Game/Realistic_Starter_VFX_Pack_Vol2/Materials/M_Dirt_A.M_Dirt_A","49","0","54","1","0.000000","0","0"
"/Game/Realistic_Starter_VFX_Pack_Vol2/Materials/M_Distortion.M_Distortion","49","0","60","1","0.000000","0","0"
"/Engine/EngineSky/M_Sky_Panning_Clouds2.M_Sky_Panning_Clouds2","49","0","4","1","0.000000","0","0"
"/SpeedTreeImporter/SpeedTree9/SpeedTreeBillboardMaster.SpeedTreeBillboardMaster","49","0","62","1","0.000000","0","0"
"/SpeedTreeImporter/SpeedTree9/SpeedTreeMaster.SpeedTreeMaster","49","0","88","1","0.000000","0","0"
"/Game/Characters/Mannequin_UE4/Materials/M_MannequinUE4_Body.M_MannequinUE4_Body","49","0","116","2","0.000000","0","0"
"/Game/Realistic_Starter_VFX_Pack_Vol2/Materials/M_Snow.M_Snow","49","0","9","1","0.000000","0","0"
"/Game/Realistic_Starter_VFX_Pack_Vol2/Materials/M_Fish_A.M_Fish_A","49","0","112","1","0.000000","0","0"
"/Game/FPWeapon/Materials/M_FPGun.M_FPGun","49","0","58","1","0.000000","0","0"
"/Game/FirstPersonArms/Character/Materials/M_UE4Man_Body.M_UE4Man_Body","49","0","58","1","0.000000","0","0"
"/Game/Realistic_Starter_VFX_Pack_Vol2/Materials/M_Glow_B.M_Glow_B","49","0","9","1","0.000000","0","0"
"/Game/Realistic_Starter_VFX_Pack_Vol2/Materials/M_Glow_A.M_Glow_A","49","0","9","1","0.000000","0","0"
"/Game/MilitaryWeapSilver/FX/Materials/M_GlowSphere_01.M_GlowSphere_01","49","0","12","1","0.000000","0","0"
"/Engine/EditorMaterials/Thumbnails/SkySphereMaterial.SkySphereMaterial","49","0","23","1","0.000000","0","0"
"/Game/Characters/Mannequins/Materials/M_Mannequin.M_Mannequin","49","0","60","2","0.000000","0","150"
"/Game/LevelPrototyping/Materials/M_PrototypeGrid.M_PrototypeGrid","49","0","69","3","0.000000","0","23"
"/Engine/OpenWorldTemplate/LandscapeMaterial/M_ProcGrid.M_ProcGrid","49","0","28","2","0.000000","0","0"
"/Engine/EngineDebugMaterials/BlackUnlitMaterial.BlackUnlitMaterial","49","0","6","1","0.000000","0","0"
"/Engine/MapTemplates/Sky/M_BlackBackground.M_BlackBackground","49","0","4","1","0.000000","0","0"
"/Engine/VREditor/UI/KeyDiskMaterial.KeyDiskMaterial","49","0","3","1","0.000000","0","0"
"/Engine/EngineDebugMaterials/TerrainCollisionMaterial.TerrainCollisionMaterial","49","0","202","1","0.000000","0","0"
